Workbook

Sheet ticket
A1: ticket_id | B1: created_at | C1: closed_at | D1: outlet_id | E1: cms_id | F1: created_date | G1: closed_date | H1: same_day | I1: same_hour
A2: isu-sjd-457 | B2: 44427.698 | C2: 44430.523 | D2: wrqy-juv-978 | E2: vew-iuvd-12 | F2: =INT(B2) | G2: =INT(C2) | H2: =F2=G2 | I2: =HOUR(B2)=HOUR(C2)
A3: qer-fal-092 | B3: 44429.465 | C3: 44429.718 | D3: 8woh-k3u-23b | E3: xjs-owq-45k | F3: =INT(B3) | G3: =INT(C3) | H3: =F3=G3 | I3: =HOUR(B3)=HOUR(C3)
A4: dfg-234-hjk | B4: 44449.396 | C4: 44449.406 | D4: wrqy-juv-978 | E4: poi-238-dkf | F4: =INT(B4) | G4: =INT(C4) | H4: =F4=G4 | I4: =HOUR(B4)=HOUR(C4)
A5: abc-567-ghi | B5: 44449.542 | C5: 44449.542 | D5: 8woh-k3u-23b | E5: lmn-909-wer | F5: =INT(B5) | G5: =INT(C5) | H5: =F5=G5 | I5: =HOUR(B5)=HOUR(C5)
A6: xyz-890-kjh | B6: 44449.542 | C6: 44449.583 | D6: wrqy-juv-978 | E6: qwe-121-zxc | F6: =INT(B6) | G6: =INT(C6) | H6: =F6=G6 | I6: =HOUR(B6)=HOUR(C6)

Sheet feedbacks
A1: cms_id | B1: feedback_at | C1: feedback_rating | D1: ticket_created_at
A2: vew-iuvd-12 | B2: 44429.56 | C2: 3 | D2: =INDEX(ticket!$B:$B, MATCH(A2, ticket!$E:$E, 0))
A3: xjs-owq-45k | B3: 44430.425 | C3: 4 | D3: =INDEX(ticket!$B:$B, MATCH(A3, ticket!$E:$E, 0))
A4: poi-238-dkf | B4: 44450.382 | C4: 5 | D4: =INDEX(ticket!$B:$B, MATCH(A4, ticket!$E:$E, 0))
A8: Outlet ID | B8: Same Day Count | C8: Same Hour Count
A9: wrqy-juv-978 | B9: =COUNTIFS(ticket!$D:$D, A9, ticket!$H:$H, TRUE) | C9: =COUNTIFS(ticket!$D:$D, A9, ticket!$I:$I, TRUE)
A10: 8woh-k3u-23b | B10: =COUNTIFS(ticket!$D:$D, A10, ticket!$H:$H, TRUE) | C10: =COUNTIFS(ticket!$D:$D, A10, ticket!$I:$I, TRUE)
